{"is_source_file": false, "format": "", "description": "", "external_files": [], "external_methods": [], "published": [], "classes": [], "methods": [], "calls": [], "search-terms": ["stock-growth-analyzer", "README.md"], "state": 2, "file_id": 1, "knowledge_revision": 16, "git_revision": "027c6d6bc7be446bcc40dc4df37f624b1382bde5", "hash": "c7a0d53c82dc8c97808657d3ba6e9c6f", "format-version": 4, "code-base-name": "stock_growth_frontend", "filename": "README.md", "revision_history": [{"16": "027c6d6bc7be446bcc40dc4df37f624b1382bde5"}]}