{"is_source_file": false, "format": "", "description": "", "external_files": [], "external_methods": [], "published": [], "classes": [], "methods": [], "calls": [], "search-terms": ["CSS", "CSS variables", "theme management", ":root", "[data-theme]", ".App", ".App-header", ".theme-toggle"], "state": 2, "file_id": 9, "knowledge_revision": 18, "git_revision": "3aceaa8be4705dbfa4473e98d6af271c45749f1e", "hash": "22f9e17cc1848b56dbb244518ac2707e", "format-version": 4, "code-base-name": "stock_growth_frontend", "filename": "stock_growth_frontend/src/App.css", "revision_history": [{"18": "3aceaa8be4705dbfa4473e98d6af271c45749f1e"}]}