{"is_source_file": false, "format": "", "description": "", "external_files": [], "external_methods": [], "published": [], "classes": [], "methods": [], "calls": [], "search-terms": [], "state": 2, "file_id": 2, "knowledge_revision": 17, "git_revision": "3aceaa8be4705dbfa4473e98d6af271c45749f1e", "hash": "d2b40d02d5f7873d8a6713bad837edd4", "format-version": 4, "code-base-name": "stock_growth_frontend", "filename": "stock_growth_frontend/public/index.html", "revision_history": [{"17": "3aceaa8be4705dbfa4473e98d6af271c45749f1e"}]}