{"is_source_file": true, "format": "JavaScript module (.mjs)", "description": "ESLint configuration file written in JavaScript, setting up linting rules and plugin configurations for JS/JSX files in the project.", "external_files": ["@eslint/js", "eslint-plugin-react"], "external_methods": [], "published": [], "classes": [], "methods": [{"name": "default export (array of configuration objects)", "description": "Array of ESLint configuration objects defining rules, parser options, plugins, and file matches."}], "calls": ["pluginJs", "pluginReact", "pluginReact.configs.recommended"], "search-terms": ["eslint", "eslint.config.mjs", "ESLint configuration", "plugin-react", "jsx", "rules", "parserOptions"], "state": 2, "file_id": 10, "knowledge_revision": 19, "git_revision": "3aceaa8be4705dbfa4473e98d6af271c45749f1e", "hash": "be6538e7523bc2e9da0743133d784136", "format-version": 4, "code-base-name": "stock_growth_frontend", "filename": "stock_growth_frontend/eslint.config.mjs", "revision_history": [{"19": "3aceaa8be4705dbfa4473e98d6af271c45749f1e"}]}