{"is_source_file": true, "format": "JavaScript (React JSX)", "description": "This file is the entry point for a React application, responsible for rendering the main App component into the DOM.", "external_files": ["react", "react-dom/client", "./index.css", "./App"], "external_methods": ["ReactDOM.createRoot", "root.render"], "published": [], "classes": [], "methods": [], "calls": ["ReactDOM.createRoot", "root.render"], "search-terms": ["React", "ReactDOM", "index.js", "entry point", "render", "App component"], "state": 2, "file_id": 8, "knowledge_revision": 24, "git_revision": "3aceaa8be4705dbfa4473e98d6af271c45749f1e", "ctags": [{"_type": "tag", "name": "root", "path": "/home/kavia/workspace/code-generation/stock-growth-analyzer-221696-230049/stock_growth_frontend/src/index.js", "pattern": "/^const root = ReactDOM.createRoot(document.getElementById('root'));$/", "language": "JavaScript", "kind": "constant"}], "hash": "9fc5841375336fc175b49f8767a11383", "format-version": 4, "code-base-name": "stock_growth_frontend", "filename": "stock_growth_frontend/src/index.js", "revision_history": [{"24": "3aceaa8be4705dbfa4473e98d6af271c45749f1e"}]}