{"is_source_file": false, "format": "", "description": "", "external_files": [], "external_methods": [], "published": [], "classes": [], "methods": [], "calls": [], "search-terms": [], "state": 2, "file_id": 11, "knowledge_revision": 20, "git_revision": "3aceaa8be4705dbfa4473e98d6af271c45749f1e", "hash": "ebece526bc2eadd78ddd787a76c56607", "format-version": 4, "code-base-name": "stock_growth_frontend", "filename": "stock_growth_frontend/README.md", "revision_history": [{"20": "3aceaa8be4705dbfa4473e98d6af271c45749f1e"}]}