{"is_source_file": false, "format": "", "description": "", "external_files": [], "external_methods": [], "published": [], "classes": [], "methods": [], "calls": [], "search-terms": [], "state": 2, "file_id": 12, "knowledge_revision": 21, "git_revision": "3aceaa8be4705dbfa4473e98d6af271c45749f1e", "hash": "d001d53c059625c4bcf75bf5a7f3fcf0", "format-version": 4, "code-base-name": "stock_growth_frontend", "filename": "stock_growth_frontend/package.json", "revision_history": [{"21": "3aceaa8be4705dbfa4473e98d6af271c45749f1e"}]}