{"is_source_file": false, "format": "", "description": "", "external_files": [], "external_methods": [], "published": [], "classes": [], "methods": [], "calls": [], "search-terms": [], "state": 2, "file_id": 6, "knowledge_revision": 23, "git_revision": "3aceaa8be4705dbfa4473e98d6af271c45749f1e", "ctags": [], "hash": "1a77571e1a8cf36018a41bcedf60db75", "format-version": 4, "code-base-name": "stock_growth_frontend", "filename": "stock_growth_frontend/src/setupTests.js", "revision_history": [{"23": "3aceaa8be4705dbfa4473e98d6af271c45749f1e"}]}